{"2017-11-27": {"info": {"tweet_type": {"id": {"tweet_info": {"sentiment": "", "text": "", "date": ""}}}}}, "2017-11-30": {"info": {"tweet_type": {"id": {"tweet_info": {"sentiment": "", "text": "", "date": ""}}}}}, "2017-12-01": {"info": {"tweet_type": {"id": {"tweet_info": {"sentiment": "", "text": "", "date": ""}}}}}, "2017-11-26": {"info": {"tweet_type": {"id": {"tweet_info": {"sentiment": "", "text": "", "date": ""}}}}}, "2017-11-24": {"info": {"tweet_type": {"id": {"tweet_info": {"sentiment": "", "text": "", "date": ""}}}}}, "2017-12-02": {"info": {"tweet_type": {"id": {"tweet_info": {"sentiment": "", "text": "", "date": ""}}}}}, "2017-11-25": {"info": {"tweet_type": {"id": {"tweet_info": {"sentiment": "", "text": "", "date": ""}}}}}, "2017-11-28": {"info": {"tweet_type": {"id": {"tweet_info": {"sentiment": "", "text": "", "date": ""}}}}}, "2017-11-29": {"info": {"tweet_type": {"id": {"tweet_info": {"sentiment": "", "text": "", "date": ""}}}}}, "2017-12-03": {"info": {"tweet_type": {"id": {"tweet_info": {"sentiment": "", "text": "", "date": ""}}}}}}